Position,Const,Created,Modified,Description,Title,URL,Title Type,IMDb Rating,Runtime (mins),Year,Genres,Num Votes,Release Date,Directors
1,tt2788432,2018-06-15,2018-06-15,,American Crime Story,https://www.imdb.com/title/tt2788432/,tvSeries,8.5,42,2016,"Biography, Crime, Drama",64542,2015-12-07,
2,tt4093826,2018-06-15,2018-06-15,,Twin Peaks,https://www.imdb.com/title/tt4093826/,tvSeries,8.5,60,2017,"Crime, Drama, Fantasy, Mystery, Thriller",41100,2017-05-19,
3,tt3531824,2018-06-15,2018-06-15,,Nerve,https://www.imdb.com/title/tt3531824/,movie,6.5,96,2016,"Action, Adventure, Crime, Drama, Mystery, Thriller",100607,2016-07-12,"Henry Joost, Ariel Schulman"
4,tt0288937,2018-06-15,2018-06-15,,Degrassi: The Next Generation,https://www.imdb.com/title/tt0288937/,tvSeries,7.4,30,2001,"Drama, Romance",10091,2001-10-14,
5,tt4154858,2018-06-15,2018-06-15,,Inhumans,https://www.imdb.com/title/tt4154858/,tvMiniSeries,5.1,43,2017,"Action, Adventure, Sci-Fi",18439,2017-08-28,
6,tt2235108,2018-06-15,2018-06-15,,Dear White People,https://www.imdb.com/title/tt2235108/,movie,6.1,108,2014,"Comedy, Drama, Romance",23095,2014-01-18,Justin Simien
7,tt4878326,2018-06-15,2018-06-15,,Wynonna Earp,https://www.imdb.com/title/tt4878326/,tvSeries,7.4,60,2016,"Action, Drama, Fantasy, Mystery, Thriller, Western",14209,2016-04-01,
8,tt4635282,2018-06-15,2018-06-15,,The OA,https://www.imdb.com/title/tt4635282/,tvSeries,7.7,60,2016,"Drama, Fantasy, Mystery, Sci-Fi",59998,2016-12-16,
9,tt4230076,2018-06-15,2018-06-15,,The Defenders,https://www.imdb.com/title/tt4230076/,tvMiniSeries,7.4,50,2017,"Action, Adventure, Crime, Fantasy, Sci-Fi",72674,2017-07-22,
10,tt2710394,2018-06-15,2018-06-15,,Reign,https://www.imdb.com/title/tt2710394/,tvSeries,7.5,42,2013,"Drama, Fantasy",39006,2013-10-17,
11,tt1898069,2018-06-15,2018-06-15,,American Gods,https://www.imdb.com/title/tt1898069/,tvSeries,8.0,60,2017,"Drama, Fantasy, Mystery",55070,2017-03-11,
12,tt0169414,2018-06-15,2018-06-15,,Arthur,https://www.imdb.com/title/tt0169414/,tvSeries,7.4,30,1996,"Animation, Comedy, Drama, Family",10565,1996-09-02,
13,tt0085033,2018-06-15,2018-06-15,,Inspector Gadget,https://www.imdb.com/title/tt0085033/,tvSeries,6.8,30,1983,"Animation, Action, Adventure, Comedy, Crime, Family, Mystery, Sci-Fi",16180,1983-09-12,
14,tt0085017,2018-06-15,2018-06-15,,Fraggle Rock,https://www.imdb.com/title/tt0085017/,tvSeries,7.9,30,1983,"Animation, Adventure, Comedy, Family, Fantasy, Musical",6003,1983-01-10,
15,tt4718304,2018-06-15,2018-06-15,,The Powerpuff Girls,https://www.imdb.com/title/tt4718304/,tvSeries,3.6,60,2016,"Animation, Action, Comedy, Family, Fantasy, Sci-Fi",2588,2016-04-04,
16,tt0118360,2018-06-15,2018-06-15,,Johnny Bravo,https://www.imdb.com/title/tt0118360/,tvSeries,7.3,30,1997,"Animation, Comedy, Family",29107,1997-07-07,
17,tt0220880,2018-06-15,2018-06-15,,Courage the Cowardly Dog,https://www.imdb.com/title/tt0220880/,tvSeries,8.3,11,1999,"Animation, Comedy, Family, Fantasy, Horror",32327,1999-11-12,
18,tt0312109,2018-06-15,2018-06-15,,Codename: Kids Next Door,https://www.imdb.com/title/tt0312109/,tvSeries,7.2,30,2002,"Animation, Action, Adventure, Comedy, Family, Sci-Fi",13944,2002-11-29,
19,tt0320808,2018-06-15,2018-06-15,,The Adventures of Jimmy Neutron: Boy Genius,https://www.imdb.com/title/tt0320808/,tvSeries,6.7,24,1998,"Animation, Adventure, Comedy, Family, Sci-Fi",13803,1998-11-29,
20,tt0074028,2018-06-15,2018-06-15,,The Muppet Show,https://www.imdb.com/title/tt0074028/,tvSeries,8.4,30,1976,"Comedy, Family, Music",20377,1976-01-29,
21,tt0126170,2018-06-15,2018-06-15,,Recess,https://www.imdb.com/title/tt0126170/,tvSeries,7.9,23,1997,"Animation, Adventure, Comedy, Family",19463,1997-08-31,
22,tt0063950,2018-06-15,2018-06-15,,"Scooby Doo, Where Are You!",https://www.imdb.com/title/tt0063950/,tvSeries,7.9,60,1969,"Animation, Comedy, Family, Mystery",25975,1969-09-13,
23,tt0419326,2018-06-15,2018-06-15,,Foster's Home for Imaginary Friends,https://www.imdb.com/title/tt0419326/,tvSeries,7.7,30,2004,"Animation, Comedy, Family, Fantasy",15974,2004-08-13,
24,tt0292800,2018-06-15,2018-06-15,,Grim & Evil,https://www.imdb.com/title/tt0292800/,tvSeries,7.7,30,2001,"Animation, Comedy, Family, Fantasy, Horror",17523,2001-08-24,
25,tt0235918,2018-06-15,2018-06-15,,The Fairly OddParents,https://www.imdb.com/title/tt0235918/,tvSeries,7.2,30,2001,"Animation, Comedy, Family, Fantasy",28270,2001-03-30,
26,tt0101188,2018-06-15,2018-06-15,,Rugrats,https://www.imdb.com/title/tt0101188/,tvSeries,7.5,30,1990,"Animation, Adventure, Comedy, Family",28182,1990-08-10,
27,tt0175058,2018-06-15,2018-06-15,,The Powerpuff Girls,https://www.imdb.com/title/tt0175058/,tvSeries,7.3,30,1998,"Animation, Action, Comedy, Family, Fantasy, Sci-Fi",32072,1994-06-22,
28,tt0366005,2018-06-15,2018-06-15,,Danny Phantom,https://www.imdb.com/title/tt0366005/,tvSeries,7.1,30,2004,"Animation, Action, Adventure, Comedy, Family, Fantasy, Sci-Fi",12486,2004-04-03,
29,tt0184111,2018-06-15,2018-06-15,,"Ed, Edd n Eddy",https://www.imdb.com/title/tt0184111/,tvSeries,7.5,30,1999,"Animation, Comedy, Family",28646,1999-01-04,
30,tt0278238,2018-06-15,2018-06-15,,Samurai Jack,https://www.imdb.com/title/tt0278238/,tvSeries,8.4,25,2001,"Animation, Action, Adventure, Fantasy, Sci-Fi, Thriller",38802,2001-08-10,
31,tt0115200,2018-06-15,2018-06-15,,Hey Arnold!,https://www.imdb.com/title/tt0115200/,tvSeries,7.7,15,1994,"Animation, Comedy, Drama, Family",27218,1996-09-09,
32,tt0063951,2018-06-15,2018-06-15,,Sesame Street,https://www.imdb.com/title/tt0063951/,tvSeries,8.2,55,1969,"Animation, Comedy, Family, Fantasy, Music",10474,1969-07-21,
33,tt0278866,2018-06-15,2018-06-15,,Kim Possible,https://www.imdb.com/title/tt0278866/,tvSeries,7.2,30,2002,"Animation, Action, Adventure, Comedy, Family, Mystery, Romance, Sci-Fi",19976,2002-06-07,
34,tt1856010,2018-06-15,2018-06-15,,House of Cards,https://www.imdb.com/title/tt1856010/,tvSeries,8.8,51,2013,Drama,423957,2013-02-01,
35,tt4604612,2018-06-15,2018-06-15,,The Alienist,https://www.imdb.com/title/tt4604612/,tvSeries,7.8,60,2018,"Drama, Mystery",25606,2018-01-22,
36,tt0804503,2018-06-15,2018-06-15,,Mad Men,https://www.imdb.com/title/tt0804503/,tvSeries,8.6,47,2007,Drama,176510,2007-07-19,
37,tt4124758,2018-06-15,2018-06-15,,Instinct,https://www.imdb.com/title/tt4124758/,tvSeries,6.5,60,2018,"Crime, Drama, Mystery, Thriller",3920,2018-03-18,
38,tt3032476,2018-06-15,2018-06-15,,Better Call Saul,https://www.imdb.com/title/tt3032476/,tvSeries,8.7,46,2015,"Crime, Drama",241074,2015-02-08,
39,tt0412142,2018-06-15,2018-06-15,,House M.D.,https://www.imdb.com/title/tt0412142/,tvSeries,8.7,44,2004,"Drama, Mystery",369072,2004-11-16,
40,tt5555260,2018-06-15,2018-06-15,,This Is Us,https://www.imdb.com/title/tt5555260/,tvSeries,8.7,45,2016,"Comedy, Drama, Romance",72819,2016-09-20,
41,tt4786824,2018-06-15,2018-06-15,,The Crown,https://www.imdb.com/title/tt4786824/,tvSeries,8.7,58,2016,"Drama, History",78171,2016-11-01,
42,tt6586318,2018-06-15,2018-06-15,,Patrick Melrose,https://www.imdb.com/title/tt6586318/,tvMiniSeries,8.2,60,2018,Drama,15733,2018-05-12,
43,tt4270492,2018-06-15,2018-06-15,,Billions,https://www.imdb.com/title/tt4270492/,tvSeries,8.4,60,2016,Drama,50448,2016-01-01,
44,tt5420376,2018-06-15,2018-06-15,,Riverdale,https://www.imdb.com/title/tt5420376/,tvSeries,7.4,45,2016,"Crime, Drama, Mystery, Romance",80582,2016-07-21,
45,tt1837492,2018-06-15,2018-06-15,,13 Reasons Why,https://www.imdb.com/title/tt1837492/,tvSeries,8.0,60,2017,"Drama, Mystery",203576,2017-03-31,
46,tt0098844,2018-06-15,2018-06-15,,Law & Order,https://www.imdb.com/title/tt0098844/,tvSeries,7.7,45,1990,"Crime, Drama, Mystery, Thriller",28836,1990-09-13,
47,tt5290382,2018-06-15,2018-06-15,,Mindhunter,https://www.imdb.com/title/tt5290382/,tvSeries,8.5,60,2017,"Crime, Drama, Thriller",112928,2017-10-13,
48,tt1837576,2018-06-15,2018-06-15,,Scandal,https://www.imdb.com/title/tt1837576/,tvSeries,7.8,43,2012,"Drama, Thriller",63020,2012-04-05,
49,tt5071412,2018-06-15,2018-06-15,,Ozark,https://www.imdb.com/title/tt5071412/,tvSeries,8.3,60,2017,"Crime, Drama, Thriller",100863,2017-07-21,
50,tt0203259,2018-06-15,2018-06-15,,Law & Order: Special Victims Unit,https://www.imdb.com/title/tt0203259/,tvSeries,8.0,60,1999,"Crime, Drama, Mystery, Thriller",67177,1999-09-20,
51,tt4474344,2018-06-15,2018-06-15,,Blindspot,https://www.imdb.com/title/tt4474344/,tvSeries,7.5,42,2015,"Action, Crime, Drama, Mystery, Thriller",58987,2015-09-21,
52,tt1606375,2018-06-15,2018-06-15,,Downton Abbey,https://www.imdb.com/title/tt1606375/,tvSeries,8.7,58,2010,"Drama, Romance",139557,2010-09-26,
53,tt1219024,2018-06-15,2018-06-15,,Castle,https://www.imdb.com/title/tt1219024/,tvSeries,8.2,43,2009,"Comedy, Crime, Drama, Mystery, Romance",131709,2009-03-09,
54,tt0108757,2018-06-15,2018-06-15,,ER,https://www.imdb.com/title/tt0108757/,tvSeries,7.7,44,1994,"Drama, Romance",45765,1994-09-19,
55,tt3006802,2018-06-15,2018-06-15,,Outlander,https://www.imdb.com/title/tt3006802/,tvSeries,8.5,64,2014,"Drama, Fantasy, Romance",89573,2014-08-09,
56,tt0413573,2018-06-15,2018-06-15,,Grey's Anatomy,https://www.imdb.com/title/tt0413573/,tvSeries,7.6,41,2005,"Drama, Romance",207699,2005-03-27,
57,tt4922804,2018-06-15,2018-06-15,,3%,https://www.imdb.com/title/tt4922804/,tvSeries,7.5,49,2016,"Action, Drama, Sci-Fi, Thriller",16235,2016-11-25,
58,tt0092455,2018-06-15,2018-06-15,,Star Trek: The Next Generation,https://www.imdb.com/title/tt0092455/,tvSeries,8.6,44,1987,"Action, Adventure, Mystery, Sci-Fi",84694,1987-09-26,
59,tt6045840,2018-06-15,2018-06-15,,Black Lightning,https://www.imdb.com/title/tt6045840/,tvSeries,6.3,43,2018,"Action, Drama, Sci-Fi",15790,2018-01-13,
60,tt5675620,2018-06-15,2018-06-15,,The Punisher,https://www.imdb.com/title/tt5675620/,tvSeries,8.6,53,2017,"Action, Adventure, Crime, Drama, Sci-Fi, Thriller",139019,2017-11-06,
61,tt5834204,2018-06-15,2018-06-15,,The Handmaid's Tale,https://www.imdb.com/title/tt5834204/,tvSeries,8.6,60,2017,"Drama, Sci-Fi, Thriller",108212,2017-04-24,
62,tt7078710,2018-06-15,2018-06-15,,Everything Sucks!,https://www.imdb.com/title/tt7078710/,tvSeries,7.5,30,2018,Comedy,11268,2018-01-31,
63,tt5562056,2018-06-15,2018-06-15,,Easy,https://www.imdb.com/title/tt5562056/,tvSeries,6.8,30,2016,Comedy,7269,2016-09-22,
64,tt4635276,2018-06-15,2018-06-15,,Master of None,https://www.imdb.com/title/tt4635276/,tvSeries,8.3,30,2015,Comedy,55517,2015-11-06,
65,tt4422836,2018-06-16,2018-06-16,,Limitless,https://www.imdb.com/title/tt4422836/,tvSeries,7.8,42,2015,"Comedy, Crime, Drama, Sci-Fi, Thriller",55274,2015-09-22,
66,tt4094300,2018-06-16,2018-06-16,,Crazy Ex-Girlfriend,https://www.imdb.com/title/tt4094300/,tvSeries,7.7,42,2015,"Comedy, Musical",12910,2015-10-12,
67,tt4047038,2018-06-16,2018-06-16,,Dirk Gently's Holistic Detective Agency,https://www.imdb.com/title/tt4047038/,tvSeries,8.3,60,2016,"Action, Adventure, Comedy, Fantasy, Mystery, Sci-Fi",33632,2016-10-18,
68,tt7018644,2018-06-16,2018-06-16,,Grown-ish,https://www.imdb.com/title/tt7018644/,tvSeries,6.5,22,2018,Comedy,2508,2018-01-03,
69,tt0363328,2018-06-16,2018-06-16,,Drake & Josh,https://www.imdb.com/title/tt0363328/,tvSeries,7.7,23,2004,"Comedy, Family",31330,2004-01-11,
70,tt5339440,2018-06-16,2018-06-16,,One Day at a Time,https://www.imdb.com/title/tt5339440/,tvSeries,8.2,30,2017,Comedy,8455,2017-01-06,
71,tt2211129,2018-06-16,2018-06-16,,The Mindy Project,https://www.imdb.com/title/tt2211129/,tvSeries,7.4,30,2012,Comedy,26515,2012-09-25,
72,tt0149460,2018-06-16,2018-06-16,,Futurama,https://www.imdb.com/title/tt0149460/,tvSeries,8.5,22,1999,"Animation, Comedy, Sci-Fi",191920,1999-03-28,
73,tt7879820,2018-06-16,2018-06-16,,On My Block,https://www.imdb.com/title/tt7879820/,tvSeries,8.1,30,2018,Comedy,5082,2018-03-16,
74,tt0105958,2018-06-16,2018-06-16,,Boy Meets World,https://www.imdb.com/title/tt0105958/,tvSeries,8.1,23,1993,"Comedy, Drama, Family",35679,1993-09-24,
75,tt0487831,2018-06-16,2018-06-16,,The IT Crowd,https://www.imdb.com/title/tt0487831/,tvSeries,8.5,25,2006,Comedy,115391,2006-02-03,
76,tt0072562,2018-06-16,2018-06-16,,Saturday Night Live,https://www.imdb.com/title/tt0072562/,tvSeries,8.1,90,1975,"Comedy, Music",38663,1975-10-11,
77,tt0212671,2018-06-16,2018-06-16,,Malcolm in the Middle,https://www.imdb.com/title/tt0212671/,tvSeries,8.0,22,2000,"Comedy, Family",107555,2000-01-09,
78,tt3061046,2018-06-16,2018-06-16,,Steven Universe,https://www.imdb.com/title/tt3061046/,tvSeries,8.3,11,2013,"Animation, Action, Adventure, Comedy, Family, Fantasy, Musical, Sci-Fi",20413,2013-07-27,
79,tt1416765,2018-06-16,2018-06-16,,Parenthood,https://www.imdb.com/title/tt1416765/,tvSeries,8.2,60,2010,"Comedy, Drama",27802,2010-03-02,
80,tt5707802,2018-06-16,2018-06-16,,Dear White People,https://www.imdb.com/title/tt5707802/,tvSeries,6.3,30,2017,"Comedy, Drama",17940,2017-04-28,
81,tt0439100,2018-06-16,2018-06-16,,Weeds,https://www.imdb.com/title/tt0439100/,tvSeries,8.0,28,2005,"Comedy, Crime, Drama",96380,2005-08-07,
82,tt0092359,2018-06-16,2018-06-16,,Full House,https://www.imdb.com/title/tt0092359/,tvSeries,6.7,22,1987,"Comedy, Drama, Family",48157,1987-09-22,
83,tt6257970,2018-06-16,2018-06-16,,The End of the F***ing World,https://www.imdb.com/title/tt6257970/,tvSeries,8.1,25,2017,"Adventure, Comedy, Drama, Romance",84856,2017-10-24,
84,tt0098800,2018-06-16,2018-06-16,,The Fresh Prince of Bel-Air,https://www.imdb.com/title/tt0098800/,tvSeries,7.9,22,1990,Comedy,105470,1990-09-10,
85,tt1305826,2018-06-16,2018-06-16,,Adventure Time with Finn & Jake,https://www.imdb.com/title/tt1305826/,tvSeries,8.6,11,2010,"Animation, Action, Adventure, Comedy, Drama, Fantasy, Sci-Fi",64321,2010-04-05,
86,tt3526078,2018-06-16,2018-06-16,,Schitt's Creek,https://www.imdb.com/title/tt3526078/,tvSeries,8.1,22,2015,Comedy,15307,2015-01-13,
87,tt0068098,2018-06-16,2018-06-16,,M*A*S*H,https://www.imdb.com/title/tt0068098/,tvSeries,8.3,25,1972,"Comedy, Drama, War",46189,1972-09-17,
88,tt5770786,2018-06-16,2018-06-16,,GLOW,https://www.imdb.com/title/tt5770786/,tvSeries,8.1,35,2017,"Comedy, Drama, Sport",29308,2017-06-23,
89,tt0157246,2018-06-16,2018-06-16,,Will & Grace,https://www.imdb.com/title/tt0157246/,tvSeries,7.2,22,1998,"Comedy, Romance",46558,1998-09-21,
90,tt7920500,2018-06-17,2018-06-17,,Skam France,https://www.imdb.com/title/tt7920500/,tvSeries,7.8,20,2018,Drama,709,2018-02-09,
91,tt8360352,2018-06-17,2018-06-17,,SKAM Italia,https://www.imdb.com/title/tt8360352/,tvSeries,8.5,25,2018,Drama,603,2018-03-29,
92,tt6318972,2018-06-17,2018-06-17,,SKAM Austin,https://www.imdb.com/title/tt6318972/,tvSeries,6.4,,2018,Drama,366,2018-04-28,
93,tt5369352,2018-06-17,2018-06-17,,Eyewitness,https://www.imdb.com/title/tt5369352/,tvSeries,7.7,42,2016,"Crime, Mystery, Romance, Thriller",4224,2016-10-16,
94,tt8524580,2018-06-17,2018-06-17,,DRUCK Die Serie,https://www.imdb.com/title/tt8524580/,tvSeries,7.6,,2018,Drama,231,2018-03-19,
95,tt4477976,2018-06-18,2018-06-18,,Superstore,https://www.imdb.com/title/tt4477976/,tvSeries,7.7,22,2015,Comedy,14777,2015-11-30,
96,tt5580540,2018-06-18,2018-06-18,,Santa Clarita Diet,https://www.imdb.com/title/tt5580540/,tvSeries,7.8,30,2017,"Comedy, Horror",38321,2017-01-20,
97,tt3609352,2018-06-18,2018-06-18,,Grace and Frankie,https://www.imdb.com/title/tt3609352/,tvSeries,8.3,30,2015,Comedy,28006,2015-05-08,
98,tt0106004,2018-06-18,2018-06-18,,Frasier,https://www.imdb.com/title/tt0106004/,tvSeries,8.1,22,1993,Comedy,65696,1993-09-16,
99,tt0238784,2018-06-18,2018-06-18,,Gilmore Girls,https://www.imdb.com/title/tt0238784/,tvSeries,8.2,44,2000,"Comedy, Drama",85378,2000-10-05,
100,tt0096697,2018-06-18,2018-06-18,,The Simpsons,https://www.imdb.com/title/tt0096697/,tvSeries,8.7,22,1989,"Animation, Comedy",327812,1989-12-17,
101,tt0159206,2018-06-18,2018-06-18,,Sex and the City,https://www.imdb.com/title/tt0159206/,tvSeries,7.1,30,1998,"Comedy, Drama, Romance",94633,1998-06-06,
102,tt0098904,2018-06-18,2018-06-18,,Seinfeld,https://www.imdb.com/title/tt0098904/,tvSeries,8.9,22,1989,Comedy,219734,1989-07-05,
103,tt1486217,2018-06-18,2018-06-18,,Archer,https://www.imdb.com/title/tt1486217/,tvSeries,8.7,22,2009,"Animation, Action, Comedy",121345,2009-09-17,
104,tt2861424,2018-06-18,2018-06-18,,Rick and Morty,https://www.imdb.com/title/tt2861424/,tvSeries,9.3,23,2013,"Animation, Adventure, Comedy, Sci-Fi",254505,2013-12-02,
105,tt2575988,2018-06-18,2018-06-18,,Silicon Valley,https://www.imdb.com/title/tt2575988/,tvSeries,8.5,28,2014,Comedy,100086,2014-04-06,
106,tt0185102,2018-06-18,2018-06-18,,Queer as Folk,https://www.imdb.com/title/tt0185102/,tvSeries,8.1,48,1999,Drama,5149,1999-02-23,
107,tt0262985,2018-06-18,2018-06-18,,Queer as Folk,https://www.imdb.com/title/tt0262985/,tvSeries,8.3,47,2000,"Drama, Romance",17395,2000-12-03,
108,tt2581458,2018-06-18,2018-06-18,,Looking,https://www.imdb.com/title/tt2581458/,tvSeries,8.2,30,2014,"Comedy, Drama, Romance",13976,2014-01-19,
109,tt4955642,2018-06-19,2018-06-19,,The Good Place,https://www.imdb.com/title/tt4955642/,tvSeries,8.2,22,2016,"Comedy, Drama, Fantasy, Romance",55673,2016-09-19,
110,tt2707408,2018-06-19,2018-06-19,,Narcos,https://www.imdb.com/title/tt2707408/,tvSeries,8.8,49,2015,"Biography, Crime, Drama, Thriller",282811,2015-08-28,
111,tt2632424,2018-06-19,2018-06-19,,The Originals,https://www.imdb.com/title/tt2632424/,tvSeries,8.3,45,2013,"Drama, Fantasy, Horror, Mystery",103380,2013-10-03,
112,tt4016454,2018-06-19,2018-06-19,,Supergirl,https://www.imdb.com/title/tt4016454/,tvSeries,6.4,43,2015,"Action, Adventure, Drama, Sci-Fi",93676,2015-07-11,
113,tt2306299,2018-06-19,2018-06-19,,Vikings,https://www.imdb.com/title/tt2306299/,tvSeries,8.6,44,2013,"Action, Adventure, Drama, History, Romance, War",327404,2013-03-03,
114,tt5511582,2018-06-19,2018-06-19,,Timeless,https://www.imdb.com/title/tt5511582/,tvSeries,7.7,60,2016,"Action, Adventure, Drama, Sci-Fi",29465,2016-10-03,
115,tt3920596,2018-06-19,2018-06-19,,Big Little Lies,https://www.imdb.com/title/tt3920596/,tvSeries,8.6,60,2017,"Crime, Drama, Mystery",96241,2017-02-07,
116,tt2699128,2018-06-19,2018-06-19,,The Leftovers,https://www.imdb.com/title/tt2699128/,tvSeries,8.3,60,2014,"Drama, Fantasy, Mystery",63864,2014-06-29,
117,tt3228420,2018-06-19,2018-06-19,,You're the Worst,https://www.imdb.com/title/tt3228420/,tvSeries,8.1,30,2014,"Comedy, Drama, Romance",20200,2014-07-17,
118,tt2937900,2018-06-19,2018-06-19,,The Knick,https://www.imdb.com/title/tt2937900/,tvSeries,8.5,58,2014,Drama,38568,2014-08-08,
119,tt3339966,2018-06-19,2018-06-19,,Unbreakable Kimmy Schmidt,https://www.imdb.com/title/tt3339966/,tvSeries,7.7,30,2015,"Comedy, Drama",53970,2015-03-06,
120,tt2492296,2018-06-19,2018-06-19,,Show Me a Hero,https://www.imdb.com/title/tt2492296/,tvMiniSeries,8.1,60,2015,"Drama, History",8118,2015-08-16,
121,tt3487356,2018-06-19,2018-06-19,,Black-ish,https://www.imdb.com/title/tt3487356/,tvSeries,7.1,22,2014,Comedy,16301,2014-09-24,
122,tt5296406,2018-06-19,2018-06-19,,Designated Survivor,https://www.imdb.com/title/tt5296406/,tvSeries,7.7,60,2016,"Action, Drama, Mystery, Thriller",55601,2016-09-21,
123,tt3148266,2018-06-19,2018-06-19,,12 Monkeys,https://www.imdb.com/title/tt3148266/,tvSeries,7.7,42,2015,"Adventure, Drama, Mystery, Sci-Fi, Thriller",34694,2015-01-16,
124,tt4288182,2018-06-19,2018-06-19,,Atlanta,https://www.imdb.com/title/tt4288182/,tvSeries,8.6,30,2016,"Comedy, Drama, Music",37054,2016-09-06,
125,tt2357547,2018-06-19,2018-06-19,,Jessica Jones,https://www.imdb.com/title/tt2357547/,tvSeries,8.0,56,2015,"Action, Crime, Drama, Sci-Fi, Thriller",169404,2015-10-10,
126,tt2628232,2018-06-19,2018-06-19,,Penny Dreadful,https://www.imdb.com/title/tt2628232/,tvSeries,8.2,60,2014,"Drama, Fantasy, Horror",99467,2014-04-28,
127,tt4834206,2018-06-19,2018-06-19,,A Series of Unfortunate Events,https://www.imdb.com/title/tt4834206/,tvSeries,7.9,50,2017,"Adventure, Comedy, Drama, Family, Mystery",45457,2017-01-11,
128,tt2085059,2018-06-19,2018-06-19,,Black Mirror,https://www.imdb.com/title/tt2085059/,tvSeries,8.9,60,2011,"Drama, Sci-Fi, Thriller",294608,2011-12-04,
129,tt0475784,2018-06-19,2018-06-19,,Westworld,https://www.imdb.com/title/tt0475784/,tvSeries,8.8,62,2016,"Drama, Mystery, Sci-Fi, Western",329960,2016-09-30,
130,tt0285331,2018-06-19,2018-06-19,,24,https://www.imdb.com/title/tt0285331/,tvSeries,8.4,44,2001,"Action, Crime, Drama, Thriller",162052,2001-11-06,
131,tt2384811,2018-06-19,2018-06-19,,Utopia,https://www.imdb.com/title/tt2384811/,tvSeries,8.5,50,2013,"Drama, Mystery, Sci-Fi, Thriller",34825,2013-01-15,
132,tt1474684,2018-06-19,2018-06-19,,Luther,https://www.imdb.com/title/tt1474684/,tvSeries,8.5,60,2010,"Crime, Drama, Mystery, Thriller",102298,2010-05-04,
133,tt2442560,2018-06-19,2018-06-19,,Peaky Blinders,https://www.imdb.com/title/tt2442560/,tvSeries,8.8,60,2013,"Crime, Drama",179671,2013-09-12,
134,tt5189670,2018-06-19,2018-06-19,,Making a Murderer,https://www.imdb.com/title/tt5189670/,tvSeries,8.6,60,2015,"Documentary, Crime",75426,2015-12-18,
135,tt4574334,2018-06-19,2018-06-19,,Stranger Things,https://www.imdb.com/title/tt4574334/,tvSeries,8.9,51,2016,"Drama, Fantasy, Horror, Mystery, Sci-Fi, Thriller",564183,2016-07-11,
136,tt4189022,2018-06-19,2018-06-19,,Ash vs Evil Dead,https://www.imdb.com/title/tt4189022/,tvSeries,8.5,30,2015,"Action, Comedy, Fantasy, Horror",55097,2015-10-31,
137,tt3322314,2018-06-19,2018-06-19,,Luke Cage,https://www.imdb.com/title/tt3322314/,tvSeries,7.4,55,2016,"Action, Crime, Drama, Sci-Fi, Thriller",101713,2016-09-28,
138,tt5016504,2018-06-19,2018-06-19,,Preacher,https://www.imdb.com/title/tt5016504/,tvSeries,8.1,60,2016,"Adventure, Drama, Fantasy, Mystery",55719,2016-03-14,
139,tt4052886,2018-06-19,2018-06-19,,Lucifer,https://www.imdb.com/title/tt4052886/,tvSeries,8.2,42,2015,"Crime, Drama, Fantasy",133376,2015-07-31,
140,tt2802850,2018-06-19,2018-06-19,,Fargo,https://www.imdb.com/title/tt2802850/,tvSeries,9.0,53,2014,"Crime, Drama, Thriller",264659,2014-04-15,
141,tt4532368,2018-06-19,2018-06-19,,Legends of Tomorrow,https://www.imdb.com/title/tt4532368/,tvSeries,6.9,42,2016,"Action, Adventure, Drama, Sci-Fi",77917,2016-01-21,
142,tt0944947,2018-06-19,2018-06-19,,Game of Thrones,https://www.imdb.com/title/tt0944947/,tvSeries,9.5,57,2011,"Action, Adventure, Drama, Fantasy, Romance",1416855,2011-04-17,
143,tt1520211,2018-06-19,2018-06-19,,The Walking Dead,https://www.imdb.com/title/tt1520211/,tvSeries,8.3,44,2010,"Drama, Horror, Sci-Fi, Thriller",773517,2010-10-31,
144,tt0460681,2018-06-19,2018-06-19,,Supernatural,https://www.imdb.com/title/tt0460681/,tvSeries,8.5,44,2005,"Drama, Fantasy, Horror, Mystery, Thriller",346733,2005-09-13,
145,tt2372162,2018-06-19,2018-06-19,,Orange Is the New Black,https://www.imdb.com/title/tt2372162/,tvSeries,8.1,59,2013,"Comedy, Crime, Drama",250715,2013-07-11,
146,tt1475582,2018-06-19,2018-06-19,,Sherlock,https://www.imdb.com/title/tt1475582/,tvSeries,9.2,88,2010,"Crime, Drama, Mystery, Thriller",687487,2010-07-25,
147,tt1327801,2018-06-19,2018-06-19,,Glee,https://www.imdb.com/title/tt1327801/,tvSeries,6.8,44,2009,"Comedy, Drama, Music, Musical",124553,2009-05-19,
148,tt2528254,2018-06-19,2018-06-19,,This Is England '90,https://www.imdb.com/title/tt2528254/,tvMiniSeries,8.6,55,2015,"Crime, Drama",4987,2015-09-13,
149,tt2126154,2018-06-19,2018-06-19,,This Is England '88,https://www.imdb.com/title/tt2126154/,tvMiniSeries,8.3,70,2011,"Crime, Drama",7608,2011-12-13,
150,tt1685471,2018-06-19,2018-06-19,,This Is England '86,https://www.imdb.com/title/tt1685471/,tvMiniSeries,8.3,47,2010,"Crime, Drama",9696,2010-09-07,
151,tt1632701,2018-06-19,2018-06-19,,Suits,https://www.imdb.com/title/tt1632701/,tvSeries,8.6,44,2011,"Comedy, Drama",320266,2011-06-23,
152,tt1844624,2018-06-19,2018-06-19,,American Horror Story,https://www.imdb.com/title/tt1844624/,tvSeries,8.1,60,2011,"Drama, Horror, Thriller",245925,2011-10-05,
153,tt1586680,2018-06-19,2018-06-19,,Shameless,https://www.imdb.com/title/tt1586680/,tvSeries,8.7,46,2011,"Comedy, Drama",165934,2011-01-09,
154,tt4145384,2018-06-19,2018-06-19,,Scream Queens,https://www.imdb.com/title/tt4145384/,tvSeries,7.1,45,2015,"Comedy, Horror, Mystery",30720,2015-07-12,
155,tt2087571,2018-06-19,2018-06-19,,The New Normal,https://www.imdb.com/title/tt2087571/,tvSeries,6.8,30,2012,"Comedy, Romance",10512,2012-08-29,
156,tt0813715,2018-06-19,2018-06-19,,Heroes,https://www.imdb.com/title/tt0813715/,tvSeries,7.6,45,2006,"Drama, Fantasy, Sci-Fi, Thriller",217188,2006-07-22,
157,tt1405406,2018-06-19,2018-06-19,,The Vampire Diaries,https://www.imdb.com/title/tt1405406/,tvSeries,7.7,43,2009,"Drama, Fantasy, Horror, Mystery, Romance, Thriller",259259,2009-09-10,
158,tt0330251,2018-06-19,2018-06-19,,The L Word,https://www.imdb.com/title/tt0330251/,tvSeries,7.6,50,2004,"Drama, Romance",22022,2004-01-18,
159,tt2433738,2018-06-19,2018-06-19,,Wentworth,https://www.imdb.com/title/tt2433738/,tvSeries,8.7,45,2013,"Crime, Drama",13850,2013-05-01,
160,tt0203248,2018-06-19,2018-06-19,,Bad Girls,https://www.imdb.com/title/tt0203248/,tvSeries,8.0,90,1999,"Crime, Drama",1694,1999-06-01,
161,tt2375692,2018-06-19,2018-06-19,,Black Sails,https://www.imdb.com/title/tt2375692/,tvSeries,8.3,56,2014,"Adventure, Drama",80198,2014-01-25,
162,tt2388350,2018-06-19,2018-06-19,,Unité 9,https://www.imdb.com/title/tt2388350/,tvSeries,7.7,,2012,Drama,496,2012-09-11,
163,tt3921180,2018-06-19,2018-06-19,,Scream: The TV Series,https://www.imdb.com/title/tt3921180/,tvSeries,7.3,45,2015,"Crime, Drama, Horror, Mystery, Thriller",29093,2015-06-30,
164,tt2262532,2018-06-19,2018-06-19,,The Fosters,https://www.imdb.com/title/tt2262532/,tvSeries,7.9,60,2013,"Drama, Romance",22142,2013-06-03,
165,tt0108872,2018-06-19,2018-06-19,,My So-Called Life,https://www.imdb.com/title/tt0108872/,tvSeries,8.4,60,1994,"Comedy, Drama, Romance",17629,1994-08-25,
166,tt0165598,2018-06-19,2018-06-19,,That '70s Show,https://www.imdb.com/title/tt0165598/,tvSeries,8.1,22,1998,"Comedy, Romance",138125,1998-08-23,
167,tt1981558,2018-06-19,2018-06-19,,Key and Peele,https://www.imdb.com/title/tt1981558/,tvSeries,8.3,30,2012,Comedy,13844,2012-01-31,
168,tt1723816,2018-06-19,2018-06-19,,Girls,https://www.imdb.com/title/tt1723816/,tvSeries,7.3,28,2012,"Comedy, Drama",60407,2012-03-12,
169,tt1578873,2018-06-19,2018-06-19,,Pretty Little Liars,https://www.imdb.com/title/tt1578873/,tvSeries,7.5,44,2010,"Drama, Mystery, Romance, Thriller",140831,2010-06-08,
170,tt2467372,2018-06-19,2018-06-19,,Brooklyn Nine-Nine,https://www.imdb.com/title/tt2467372/,tvSeries,8.4,22,2013,"Comedy, Crime",136260,2013-09-17,
171,tt0106179,2018-06-19,2018-06-19,,The X Files,https://www.imdb.com/title/tt0106179/,tvSeries,8.7,45,1993,"Drama, Mystery, Sci-Fi, Thriller",180592,1993-09-10,
172,tt0118276,2018-06-19,2018-06-19,,Buffy the Vampire Slayer,https://www.imdb.com/title/tt0118276/,tvSeries,8.2,44,1996,"Action, Drama, Fantasy, Romance",116664,1996-10-31,
173,tt0115341,2018-06-19,2018-06-19,,"Sabrina, the Teenage Witch",https://www.imdb.com/title/tt0115341/,tvSeries,6.7,22,1996,"Comedy, Family, Fantasy",30402,1996-09-27,
174,tt0141842,2018-06-19,2018-06-19,,The Sopranos,https://www.imdb.com/title/tt0141842/,tvSeries,9.2,55,1999,"Crime, Drama",245476,1999-01-10,
175,tt1000734,2018-06-19,2018-06-19,,Secret Diary of a Call Girl,https://www.imdb.com/title/tt1000734/,tvSeries,7.4,30,2007,Drama,11688,2007-09-27,
176,tt0248654,2018-06-19,2018-06-19,,Six Feet Under,https://www.imdb.com/title/tt0248654/,tvSeries,8.7,55,2001,"Comedy, Drama",108925,2001-06-03,
177,tt0118421,2018-06-19,2018-06-19,,Oz,https://www.imdb.com/title/tt0118421/,tvSeries,8.7,55,1997,"Crime, Drama, Thriller",80250,1997-07-12,
178,tt1553656,2018-06-19,2018-06-19,,Under the Dome,https://www.imdb.com/title/tt1553656/,tvSeries,6.6,43,2013,"Drama, Mystery, Sci-Fi, Thriller",95522,2013-06-24,
179,tt0397442,2018-06-19,2018-06-19,,Gossip Girl,https://www.imdb.com/title/tt0397442/,tvSeries,7.4,42,2007,"Drama, Romance",137658,2007-09-19,
180,tt4122068,2018-06-19,2018-06-19,,Humans,https://www.imdb.com/title/tt4122068/,tvSeries,8.0,42,2015,"Drama, Sci-Fi",31730,2015-06-14,
181,tt3487410,2018-06-19,2018-06-19,,The Whispers,https://www.imdb.com/title/tt3487410/,tvSeries,7.3,60,2015,"Drama, Horror, Mystery, Sci-Fi, Thriller",9855,2015-06-01,
182,tt4158110,2018-06-19,2018-06-19,,Mr. Robot,https://www.imdb.com/title/tt4158110/,tvSeries,8.6,49,2015,"Crime, Drama, Thriller",271740,2015-03-17,
183,tt0279600,2018-06-19,2018-06-19,,Smallville,https://www.imdb.com/title/tt0279600/,tvSeries,7.5,60,2001,"Adventure, Drama, Romance, Sci-Fi",107734,2001-05-16,
184,tt2309295,2018-06-19,2018-06-19,,Hemlock Grove,https://www.imdb.com/title/tt2309295/,tvSeries,7.2,46,2013,"Horror, Mystery, Thriller",33663,2013-04-19,
185,tt0362359,2018-06-19,2018-06-19,,The O.C.,https://www.imdb.com/title/tt0362359/,tvSeries,7.5,44,2003,"Comedy, Drama, Romance",74461,2003-08-05,
186,tt1199099,2018-06-19,2018-06-19,,Merlin,https://www.imdb.com/title/tt1199099/,tvSeries,7.9,45,2008,"Adventure, Drama, Fantasy",65101,2008-09-20,
187,tt0925266,2018-06-19,2018-06-19,,Pushing Daisies,https://www.imdb.com/title/tt0925266/,tvSeries,8.4,44,2007,"Comedy, Drama, Fantasy, Mystery, Romance",50908,2007-10-03,
188,tt0098936,2018-06-19,2018-06-19,,Twin Peaks,https://www.imdb.com/title/tt0098936/,tvSeries,8.8,47,1990,"Crime, Drama, Mystery, Thriller",151045,1989-09-30,
189,tt0485301,2018-06-19,2018-06-19,,Torchwood,https://www.imdb.com/title/tt0485301/,tvSeries,7.8,50,2006,"Action, Drama, Sci-Fi, Thriller",36382,2006-10-22,
190,tt0472954,2018-06-19,2018-06-19,,It's Always Sunny in Philadelphia,https://www.imdb.com/title/tt0472954/,tvSeries,8.7,22,2005,Comedy,167633,2005-08-04,
191,tt0386676,2018-06-19,2018-06-19,,The Office,https://www.imdb.com/title/tt0386676/,tvSeries,8.8,22,2005,Comedy,284895,2005-03-24,
192,tt1615919,2018-06-19,2018-06-19,,Raising Hope,https://www.imdb.com/title/tt1615919/,tvSeries,8.0,22,2010,"Comedy, Family",33151,2010-09-01,
193,tt2407574,2018-06-19,2018-06-19,,My Mad Fat Diary,https://www.imdb.com/title/tt2407574/,tvSeries,8.4,47,2013,"Comedy, Drama, Romance",13542,2013-01-14,
194,tt2431438,2018-06-19,2018-06-19,,Sense8,https://www.imdb.com/title/tt2431438/,tvSeries,8.4,60,2015,"Drama, Mystery, Sci-Fi, Thriller",121497,2015-06-05,
195,tt0193676,2018-06-19,2018-06-19,,Freaks and Geeks,https://www.imdb.com/title/tt0193676/,tvSeries,8.8,44,1999,"Comedy, Drama",116665,1999-09-25,
196,tt0367279,2018-06-19,2018-06-19,,Arrested Development,https://www.imdb.com/title/tt0367279/,tvSeries,8.9,22,2003,Comedy,251441,2003-11-02,
197,tt0460649,2018-06-19,2018-06-19,,How I Met Your Mother,https://www.imdb.com/title/tt0460649/,tvSeries,8.3,22,2005,"Comedy, Romance",530298,2005-09-19,
198,tt1266020,2018-06-19,2018-06-19,,Parks and Recreation,https://www.imdb.com/title/tt1266020/,tvSeries,8.6,22,2009,Comedy,170867,2009-04-09,
199,tt1796960,2018-06-19,2018-06-19,,Homeland,https://www.imdb.com/title/tt1796960/,tvSeries,8.3,55,2011,"Crime, Drama, Mystery, Thriller",275573,2011-10-02,
200,tt1442437,2018-06-19,2018-06-19,,Modern Family,https://www.imdb.com/title/tt1442437/,tvSeries,8.4,22,2009,"Comedy, Romance",307237,2009-09-22,
201,tt1119644,2018-06-19,2018-06-19,,Fringe,https://www.imdb.com/title/tt1119644/,tvSeries,8.4,46,2008,"Drama, Mystery, Sci-Fi, Thriller",204576,2008-09-09,
202,tt0411008,2018-06-19,2018-06-19,,Lost,https://www.imdb.com/title/tt0411008/,tvSeries,8.4,44,2004,"Adventure, Drama, Fantasy, Mystery, Sci-Fi, Thriller",449487,2004-09-22,
203,tt0436992,2018-06-19,2018-06-19,,Doctor Who,https://www.imdb.com/title/tt0436992/,tvSeries,8.7,45,2005,"Adventure, Drama, Family, Mystery, Sci-Fi",181724,2005-03-26,
204,tt2234222,2018-06-19,2018-06-19,,Orphan Black,https://www.imdb.com/title/tt2234222/,tvSeries,8.3,44,2013,"Action, Drama, Sci-Fi",91509,2013-03-30,
205,tt1439629,2018-06-19,2018-06-19,,Community,https://www.imdb.com/title/tt1439629/,tvSeries,8.5,22,2009,Comedy,171836,2009-09-17,
206,tt1845307,2018-06-19,2018-06-19,,2 Broke Girls,https://www.imdb.com/title/tt1845307/,tvSeries,6.7,22,2011,Comedy,83902,2011-09-19,
207,tt0285403,2018-06-19,2018-06-19,,Scrubs,https://www.imdb.com/title/tt0285403/,tvSeries,8.4,22,2001,"Comedy, Drama",221695,2001-10-02,
208,tt1220617,2018-06-19,2018-06-19,,The Inbetweeners,https://www.imdb.com/title/tt1220617/,tvSeries,8.3,25,2008,Comedy,71139,2008-05-01,
209,tt0377260,2018-06-19,2018-06-19,,Shameless,https://www.imdb.com/title/tt0377260/,tvSeries,8.0,90,2004,"Comedy, Crime, Drama",13048,2004-01-13,
210,tt0840196,2018-06-19,2018-06-19,,Skins,https://www.imdb.com/title/tt0840196/,tvSeries,8.2,46,2007,Drama,68028,2007-01-25,
211,tt1124373,2018-06-19,2018-06-19,,Sons of Anarchy,https://www.imdb.com/title/tt1124373/,tvSeries,8.6,45,2008,"Crime, Drama, Thriller",226791,2008-09-03,
212,tt3566726,2018-06-19,2018-06-19,,Jane the Virgin,https://www.imdb.com/title/tt3566726/,tvSeries,7.8,60,2014,Comedy,27695,2014-10-13,
213,tt3205802,2018-06-19,2018-06-19,,How to Get Away with Murder,https://www.imdb.com/title/tt3205802/,tvSeries,8.2,43,2014,"Crime, Drama, Mystery, Thriller",101150,2014-09-25,
214,tt0306414,2018-06-19,2018-06-19,,The Wire,https://www.imdb.com/title/tt0306414/,tvSeries,9.3,59,2002,"Crime, Drama, Thriller",239635,2002-06-02,
215,tt1196946,2018-06-19,2018-06-19,,The Mentalist,https://www.imdb.com/title/tt1196946/,tvSeries,8.1,43,2008,"Crime, Drama, Mystery, Thriller",150384,2008-09-23,
216,tt3127020,2018-06-19,2018-06-19,,Faking It,https://www.imdb.com/title/tt3127020/,tvSeries,7.4,21,2014,"Comedy, Drama, Romance",12783,2014-04-22,
217,tt0452046,2018-06-19,2018-06-19,,Criminal Minds,https://www.imdb.com/title/tt0452046/,tvSeries,8.1,42,2005,"Crime, Drama, Mystery, Thriller",136195,2005-09-22,
218,tt0460627,2018-06-19,2018-06-19,,Bones,https://www.imdb.com/title/tt0460627/,tvSeries,7.9,40,2005,"Comedy, Crime, Drama, Mystery, Romance",128752,2005-09-13,
219,tt3749900,2018-06-19,2018-06-19,,Gotham,https://www.imdb.com/title/tt3749900/,tvSeries,7.9,42,2014,"Action, Crime, Drama, Mystery, Sci-Fi, Thriller",189441,2014-07-26,
220,tt3501584,2018-06-19,2018-06-19,,iZombie,https://www.imdb.com/title/tt3501584/,tvSeries,7.9,42,2015,"Comedy, Crime, Drama, Horror",52500,2015-03-17,
221,tt2243973,2018-06-19,2018-06-19,,Hannibal,https://www.imdb.com/title/tt2243973/,tvSeries,8.5,44,2013,"Crime, Drama, Horror, Mystery, Thriller",199011,2013-04-04,
222,tt2094262,2018-06-19,2018-06-19,,Da Vinci's Demons,https://www.imdb.com/title/tt2094262/,tvSeries,8.0,59,2013,"Adventure, Biography, Drama, Fantasy, History, Mystery, Romance",69257,2013-04-12,
223,tt0108778,2018-06-19,2018-06-19,,Friends,https://www.imdb.com/title/tt0108778/,tvSeries,8.9,22,1994,"Comedy, Romance",651512,1994-09-22,
224,tt0455275,2018-06-19,2018-06-19,,Prison Break,https://www.imdb.com/title/tt0455275/,tvSeries,8.4,44,2005,"Action, Crime, Drama, Mystery, Thriller",423901,2005-08-29,
225,tt0773262,2018-06-19,2018-06-19,,Dexter,https://www.imdb.com/title/tt0773262/,tvSeries,8.7,53,2006,"Crime, Drama, Mystery, Thriller",589603,2006-10-01,
226,tt1567432,2018-06-19,2018-06-19,,Teen Wolf,https://www.imdb.com/title/tt1567432/,tvSeries,7.7,41,2011,"Action, Drama, Fantasy, Romance, Thriller",114104,2011-06-05,
227,tt1830617,2018-06-19,2018-06-19,,Grimm,https://www.imdb.com/title/tt1830617/,tvSeries,7.8,45,2011,"Drama, Fantasy, Horror, Mystery",100946,2011-10-28,
228,tt3475734,2018-06-19,2018-06-19,,Agent Carter,https://www.imdb.com/title/tt3475734/,tvSeries,8.0,42,2015,"Action, Adventure, Sci-Fi",64958,2015-01-06,
229,tt1839578,2018-06-19,2018-06-19,,Person of Interest,https://www.imdb.com/title/tt1839578/,tvSeries,8.4,43,2011,"Action, Crime, Drama, Mystery, Sci-Fi, Thriller",151321,2011-09-22,
230,tt2356777,2018-06-19,2018-06-19,,True Detective,https://www.imdb.com/title/tt2356777/,tvSeries,9.0,55,2014,"Crime, Drama, Mystery, Thriller",429300,2014-01-12,
231,tt3322312,2018-06-19,2018-06-19,,Daredevil,https://www.imdb.com/title/tt3322312/,tvSeries,8.7,54,2015,"Action, Crime, Drama, Fantasy, Sci-Fi, Thriller",322200,2015-04-02,
232,tt2188671,2018-06-19,2018-06-19,,Bates Motel,https://www.imdb.com/title/tt2188671/,tvSeries,8.2,45,2013,"Drama, Horror, Mystery, Thriller",84543,2013-03-18,
233,tt2364582,2018-06-19,2018-06-19,,Agents of S.H.I.E.L.D.,https://www.imdb.com/title/tt2364582/,tvSeries,7.5,45,2013,"Action, Adventure, Drama, Sci-Fi, Thriller",179628,2013-07-19,
234,tt2661044,2018-06-19,2018-06-19,,The 100,https://www.imdb.com/title/tt2661044/,tvSeries,7.8,43,2014,"Drama, Mystery, Sci-Fi",169246,2014-03-19,
235,tt0903747,2018-06-19,2018-06-19,,Breaking Bad,https://www.imdb.com/title/tt0903747/,tvSeries,9.5,49,2008,"Crime, Drama, Thriller",1163948,2008-01-20,
236,tt1843230,2018-06-19,2018-06-19,,Once Upon a Time,https://www.imdb.com/title/tt1843230/,tvSeries,7.8,60,2011,"Adventure, Fantasy, Romance",196823,2011-10-23,
237,tt3107288,2018-06-19,2018-06-19,,The Flash,https://www.imdb.com/title/tt3107288/,tvSeries,7.9,43,2014,"Action, Adventure, Drama, Sci-Fi",269834,2014-10-07,
238,tt2193021,2018-06-19,2018-06-19,,Arrow,https://www.imdb.com/title/tt2193021/,tvSeries,7.7,42,2012,"Action, Adventure, Crime, Drama, Mystery, Sci-Fi",374032,2012-10-10,
239,tt5057054,2018-06-19,2018-06-19,,Jack Ryan,https://www.imdb.com/title/tt5057054/,tvSeries,8.2,60,2018,"Action, Drama, Thriller",44019,2018-08-31,
240,tt0169516,2018-06-25,2018-06-25,,Young Hercules,https://www.imdb.com/title/tt0169516/,tvSeries,5.9,30,1998,"Action, Adventure, Fantasy",1477,1998-09-12,
241,tt0412253,2018-06-25,2018-06-25,,Veronica Mars,https://www.imdb.com/title/tt0412253/,tvSeries,8.4,44,2004,"Crime, Drama, Mystery",60125,2004-09-22,
242,tt0071007,2018-06-25,2018-06-25,,Little House on the Prairie,https://www.imdb.com/title/tt0071007/,tvSeries,7.4,60,1974,"Drama, Family, Romance, Western",14289,1974-03-30,
